{
    "rmse": 0.43588989435406733,
    "mae": 0.19,
    "r2": 0.1888129276236693
}