{
    "rmse": 0.425205832509386,
    "mae": 0.1808,
    "r2": 0.24303525446073304
}