{
    "rmse": 0.4054626986542658,
    "mae": 0.1644,
    "r2": 0.2937736611598194
}